,header,link,text
0,MSFT Stock Price | Microsoft Corp. Stock Quote (U.S.: Nasdaq ...,https://www.marketwatch.com/investing/stock/msft,MSFT | Complete Microsoft Corp. stock news by MarketWatch. View real-time stock prices and stock quotes for a full financial overview.
1,,,
2,,https://www.fool.com/investing/2021/01/08/is-microsoft-stock-a-buy/,
3,,https://www.barrons.com/articles/microsoft-stock-falling-after-forecast-windows-revenue-fell-short-51603901053,
4,,https://www.forbes.com/sites/greatspeculations/2021/01/05/microsofts-stock-gained-240-in-last-3-years-will-the-gains-continue/,
5,,https://finance.yahoo.com/news/microsofts-stock-reach-300-2022-193326589.html,
6,Microsoft Stock: Is It A Buy Now? Here's What MSFT Stock ...,https://www.investors.com/research/microsoft-stock-buy-now/,2 days ago — MSFT Stock News: JEDI Contract Win. Microsoft beat out heavily favored Amazon.com (AMZN) to win a major U.S. Defense Department ...
7,Microsoft Corporation (MSFT) Latest Stock News & Headlines ...,https://finance.yahoo.com/quote/MSFT/news/,Get the latest Microsoft Corporation (MSFT) stock news and headlines to help you in your trading and investing decisions.
8,"MSFT: Microsoft Corp - Stock Price, Quote and News - CNBC",https://www.cnbc.com/quotes/MSFT,"2 days ago — Get Microsoft Corp (MSFT:NASDAQ) real-time stock quotes, news, price and financial information from CNBC."
9,Microsoft - MSFT - Stock Price & News | The Motley Fool,https://www.fool.com/quote/nasdaq/microsoft/msft/,"Real time Microsoft (MSFT) stock price quote, stock graph, news & analysis."
10,"Microsoft Corporation (MSFT) Stock Price Today, Quote & News",https://seekingalpha.com/symbol/MSFT,"A high-level overview of Microsoft Corporation (MSFT) stock. Stay up to date on the latest stock price, chart, news, analysis, fundamentals, trading and ..."
11,Microsoft Corporation Common Stock (MSFT) News ... - Nasdaq,https://www.nasdaq.com/market-activity/stocks/msft/news-headlines,Find the latest news headlines from Microsoft Corporation Common Stock (MSFT) at Nasdaq.com.
12,MSFT News Today (Microsoft) | MarketBeat,https://www.marketbeat.com/stocks/NASDAQ/MSFT/news/,What's going on at Microsoft (NASDAQ:MSFT)? View breaking news headlines for MSFT stock from trusted media outlets at MarketBeat.
13,MSFT | Microsoft Corp. Stock Price & News - WSJ,https://www.wsj.com/market-data/quotes/MSFT,"View the latest Microsoft Corp. (MSFT) stock price, news, historical charts, analyst ratings and financial information from WSJ."
14,MSFT Stock | MICROSOFT Stock Price Today | Markets Insider,https://markets.businessinsider.com/stocks/msft-stock,"MSFT: Get the latest Microsoft stock price and detailed information including MSFT news, historical charts and realtime prices."
15,Microsoft will leap another 20% as cloud-computing strength ...,https://www.businessinsider.com/microsoft-stock-price-target-azure-cloud-computing-wedbush-earnings-msft-2021-1,"Jan 24, 2021 — Related Stocks · SHARE THIS POST · Microsoft NewsMORE · Find News ..."
16,Should You Buy Microsoft (MSFT) Stock? | Investing | US News,https://money.usnews.com/investing/stock-market-news/articles/pros-and-cons-to-buying-microsoft-msft-stock,"Jan 27, 2021 — Here are a few pros and cons when evaluating if MSFT stock is a good buy."
17,MSFT Microsoft Corporation — Stock Price and Discussion ...,https://stocktwits.com/symbol/MSFT,"25% Monday, 40% Tuesday.. Do that DD I told you to do. Gl investing. finance.yahoo.com/news/asia..."
18,Microsoft Corp. Stock Price (MSFT) | Barron's,https://www.barrons.com/quote/stock/us/xnas/msft,"View today's stock price, news and analysis for Microsoft Corp. (MSFT). Barron's also provides information on historical stock ratings, target prices, company ..."
19,MSFT -- Is Its Stock Price A Worthy Investment ... - StockNews,https://stocknews.com/stock/MSFT/,"MSFT has a higher market value than 99.98% of US stocks; more precisely, its current market capitalization is $1,838,565,937,522. Microsoft Corp's stock had its ..."
20,Microsoft approached Pinterest about a takeover | Financial ...,https://www.ft.com/content/f88b8474-e791-4efb-a9f6-54c8222680fe,"2 hours ago — Its soaring stock price would present a hurdle to Microsoft, whose shares have risen nearly 80 per cent from a pandemic low, though Pinterest's ..."
21,MSFT:NASDAQ GS Stock Quote - Microsoft Corp - Bloomberg ...,https://www.bloomberg.com/quote/MSFT:US,"Stock analysis for Microsoft Corp (MSFT:NASDAQ GS) including stock price, stock chart, company news, key statistics, fundamentals and company profile."
22,Company News Investing in Microsoft Stock (MSFT),https://www.investopedia.com/microsoft-stock-msft-5078359,"Investopedia's ultimate guide to investing in Microsoft (MSFT). Business segments, financials, top shareholders, companies it owns, and everything in between."
23,"Microsoft Corporation (MSFT) Stock Price, News, Buy or Sell ...",https://www.thestreet.com/quote/msft,"Get the latest Microsoft Corporation (MSFT) stock price, news, buy or sell recommendation, and investing advice from Wall Street professionals."
24,"MSFT - Microsoft Corporation Summary, Stock Quote and News",https://www.benzinga.com/stock/msft,"Microsoft Corporation (NASDAQ: MSFT) stock research, profile, news, analyst ratings, key statistics, fundamentals, stock price, charts, earnings, guidance and ..."
25,MSFT - Microsoft Corp Forecast - CNNMoney.com,https://money.cnn.com/quote/forecast/forecast.html?symb=MSFT,"Stock Price Forecast. The 30 analysts offering 12-month price forecasts for Microsoft Corp have a median target of 280.00, with a high estimate of 315.00 and a ..."
26,Microsoft News (MSFT) - Investing.com,https://www.investing.com/equities/microsoft-corp-news,"By Peter Nurse Investing.com -- Stocks in focus in premarket trade on Thursday, February 11th. Please refresh for updates. Uber (NYSE:UBER) stock fell 1.9% ..."
27,MSFT Stock Price Quote & News - Microsoft | Robinhood,https://robinhood.com/stocks/MSFT,"Change the date range, see whether others are buying or selling, read news, get earnings results, and compare Microsoft against related stocks people have ..."
28,Is Microsoft Corp (MSFT) Stock a Buy For 2021?,https://www.aol.com/news/microsoft-corp-msft-stock-buy-172054946.html,"Jan 15, 2021 — Two important pieces of news precipitated the surge since the end of January. First, the company has fully repaid – ahead of schedule – the $15 ..."
29,Microsoft Investor Relations - Home Page,https://www.microsoft.com/en-us/investor,NEWS. Volkswagen Group teams up with Microsoft to accelerate the development of automated driving ... Lookup Microsoft stock prices by date. Stock Price.
30,Microsoft Corporation - MSFT - Stock Price Today - Zacks,https://www.zacks.com/stock/quote/MSFT,"Get the latest Microsoft Corporation MSFT detailed stock quotes, stock data, Real-Time ECN, charts, stats and ... Zacks News for MSFT; Other News for MSFT."
31,(MSFT) - Google News - Google News - Search,https://news.google.com/?q=msft,"Comprehensive up-to-date news coverage, aggregated from sources all over the ... Microsoft (MSFT) Outpaces Stock Market Gains: What You Should Know."
32,"MSFT - Stock Quotes for Microsoft, NASDAQ: MSFT Stock ...",https://www.webull.com/quote/nasdaq-msft,"Webull offers Microsoft (MSFT) historical stock prices, in-depth market analysis, NASDAQ: MSFT ... News; Financial; Releases; Corp Actions; Analysis; Profile."
33,Microsoft Stock Analysis | MSFT Stock Rating - TipRanks,https://www.tipranks.com/stocks/msft/stock-analysis,P/E Ratio Range. read more. Microsoft News.
34,Microsoft stock news ratings | MSFT news today -TipRanks,https://www.tipranks.com/stocks/msft/stock-news,"Microsoft stock news, updates & related news. Find out why Microsoft's (MSFT) news sentiment is less positive in relation to stocks in the Technology sector."
35,Options Bulls Double Down on Microsoft Stock Ahead of ...,https://www.schaeffersresearch.com/content/options/2021/01/21/options-bulls-double-down-on-microsoft-stock-ahead-of-earnings,"Jan 21, 2021 — On the charts, Microsoft stock has been trading sideways over the past few months, ... Unique market analysis and news directly in your inbox."
36,Microsoft Corporation (MSFT : NASDAQ) Stock Price & News ...,https://www.google.com/finance/quote/MSFT:NASDAQ,"Get the latest Microsoft Corporation (MSFT) real-time quote, historical performance, charts, and other financial information to help you make more informed ..."
37,MSFT - Microsoft Corp Stock Price - Barchart.com,https://www.barchart.com/stocks/quotes/MSFT,"Microsoft Corp stocks price quote with latest real-time prices, charts, financials, latest news, technical analysis and opinions."
38,"Microsoft (MSFT) Stock Price, Quote & News | Stock Analysis",https://stockanalysis.com/stocks/msft/,"Get the latest Microsoft (MSFT) stock price quote with real-time news, financials, charts and other important investing information."
39,MSFT Microsoft Corporation Stock Quote - FINVIZ.com,https://finviz.com/quote.ashx?t=MSFT,Amazon.coms CEO Change Is Huge News. Wall Street Isnt Worried. Barrons.com. 12:39PM. Quantum ...
40,"Microsoft Stock Quote. MSFT - Stock Price, News, Charts ...",https://ih.advfn.com/stock-market/NASDAQ/microsoft-MSFT/stock-price,Microsoft stock quote and MSFT charts. Latest stock price today and the US's most active stock market forums.
41,"Microsoft's Stock Gained 240% In Last 3 Years, Will The Gains ...",https://www.forbes.com/sites/greatspeculations/2021/01/05/microsofts-stock-gained-240-in-last-3-years-will-the-gains-continue/,"Jan 5, 2021 — After gaining nearly 9% since the end of FY 2020 (ended June 2020), Microsoft's stock is at its near term potential. MSFT's stock grew from ..."
42,MSFT Stock: Is Microsoft Heading Straight for a Wall After ...,https://investorplace.com/2020/12/microsoft-msft-stock-heading-straight-for-a-wall/,"Dec 8, 2020 — But, while many investors have reason to rejoice, might MSFT stock finally be ... But its success with Teams wasn't the only hot news item."
43,MSFT Stock Price and Quote: Microsoft Corporation trades flat ...,https://www.fxstreet.com/news/msft-stock-price-and-quote-microsoft-corporation-trades-flat-on-rumor-of-looming-competition-202011271123,"Nov 27, 2020 — NASDAQ:MSFT remained unchanged on Wednesday as investors took a breather before the American Thanksgiving ... MSFT Stock Price and Quote: Microsoft Corporation trades flat on rumor of looming competition. NEWS ..."
44,Microsoft Corp Stock News and Research Articles ...,https://www.gurufocus.com/stock/MSFT/article,"Guru stock highlight. Microsoft Corp. (MSFT) One of the largest companies in the world by market capitalization, Microsoft has managed to continue to grow and ..."
45,"Microsoft Stock News, MSFT Earnings & Call Transcripts",https://docoh.com/company/789019/MSFT,"Microsoft Corporation is an American multinational technology company with headquarters in Redmond, Washington. It develops, manufactures, licenses, ..."
46,US:MSFT / Microsoft Corp. - Stock Price Quote and News - Fintel,https://fintel.io/s/us/msft,"US:MSFT / Microsoft Corp. - Stock Price Quote and News. ISIN, US5949181045."
47,"Microsoft (msft) Stock Price, Market Cap, Historical Data ...",https://www.financialexpress.com/investing-abroad/microsoft-msft-stock-price/,"Check here latest Microsoft (msft) share price, market cap, latest news, historical share price data, technical analysis and much more on financialexpress.com."
48,Do Traders View Microsoft Corporation (MSFT) Stock's ...,https://www.investorsobserver.com/news/stock-update/do-traders-view-microsoft-corporation-msft-stocks-current-trend-positively-3,"Jan 20, 2021 — Overall market sentiment has been high on Microsoft Corporation (MSFT) stock lately. MSFT receives a Bullish rating from InvestorsObserver's Stock ... never miss out on the need-to-know market news, movements, and more."
49,MSFT Stock Price | Microsoft Corporation Stock Quote and News,https://polygon.io/quote/MSFT,"Microsoft Corporation (MSFT) stock news, stock charts, stock quotes, earnings."
50,Should You Buy Microsoft (MSFT) Stock? - MSN,https://www.msn.com/en-us/money/topstocks/should-you-buy-microsoft-msft-stock/ar-AAJuNvV,"Oct 28, 2020 — Here are a few pros and cons when evaluating whether MSFT stock is a good buy. ... web search. US News & World Report - Money ..."
51,Microsoft stock news,https://yapiku.cn/bimbo-life-pccrc/microsoft-stock-news.html,"microsoft stock news Barron's is a leading source of financial news, providing in-depth ... Dec 22, 2020 · Satya Nadella owns 1,337,768 shares of Microsoft stock, ..."
52,"Microsoft is not an expensive stock, this investor says ...",https://www.cantechletter.com/2020/06/microsoft-not-expensive/,"Jun 8, 2020 — Investors should stick with a giant like Microsoft (NASDAQ:MSFT), says ... like Microsoft (Microsoft Stock Quote, Chart, News NASDAQ:MSFT), ..."
53,"Microsoft's Profits Rise 33%, Driven by Cloud Computing and ...",https://www.nytimes.com/live/2021/01/26/business/us-economy-coronavirus,"Jan 26, 2021 — Microsoft profits jump 33 percent as pandemic continues shift to cloud computing. ... The company's stock jumped more than 4 percent in aftermarket trading. ... He will also appear on Fox Business and Fox News as an on-air ..."
